{
    "metrics": {
        "train_loss": [
            1.2865948308733377,
            0.9760771650888703,
            0.9498041130195964,
            0.9332979569651864,
            0.9208476445485245,
            0.9097208268669519,
            0.9000907788832079,
            0.8912711774964224,
            0.8827545853501017,
            0.8752205477519469,
            0.868293766900897,
            0.8624984282797034,
            0.856458762538704,
            0.8516522131589326,
            0.8468968050520529,
            0.8432190897654404,
            0.8397273443842476,
            0.837103421241045,
            0.8349054255268791,
            0.8332113738628951
        ],
        "eval_loss": [
            1.0207521166120257,
            0.9977766150519961,
            0.9912096738815308,
            0.9874662518501282,
            0.9863101706618355,
            0.9876833512669518,
            0.9891044951620556,
            0.9895340845698402,
            0.9888349916253771,
            0.990436787832351,
            0.9929209388437725,
            0.9937412503219786,
            0.9953243899913061,
            0.9991502202692486,
            1.0015972001211983,
            1.002212062903813,
            1.0025250145367213,
            1.0029075991539729,
            1.003887703305199,
            1.0041041388398124
        ],
        "rouge1": [
            0.055605448238557766,
            0.05607112231287854
        ],
        "rouge2": [
            0.03058253757316599,
            0.03079570185155784
        ],
        "rougeLsum": [
            0.049170830665473765,
            0.04933536508498254
        ],
        "epochs": [
            1,
            2,
            3,
            4,
            5,
            6,
            7,
            8,
            9,
            10,
            11,
            12,
            13,
            14,
            15,
            16,
            17,
            18,
            19,
            20
        ],
        "learning_rate": [
            9.51080773606371e-05,
            9.01023890784983e-05,
            8.509670079635951e-05,
            8.009101251422071e-05,
            7.508532423208191e-05,
            7.007963594994313e-05,
            6.507394766780433e-05,
            6.0068259385665536e-05,
            5.5062571103526736e-05,
            5.005688282138794e-05,
            4.505119453924915e-05,
            4.004550625711036e-05,
            3.5039817974971564e-05,
            3.0034129692832768e-05,
            2.502844141069397e-05,
            2.002275312855518e-05,
            1.5017064846416384e-05,
            1.001137656427759e-05,
            5.005688282138795e-06,
            0.0
        ],
        "gpu_usage": [
            89.42649147727273,
            89.42649147727273,
            89.42649147727273,
            89.42649147727273,
            89.42649147727273,
            89.42649147727273,
            89.42649147727273,
            89.42649147727273,
            89.42649147727273,
            89.42649147727273,
            89.42649147727273,
            89.42649147727273,
            89.42649147727273,
            89.42649147727273,
            89.42649147727273,
            89.42649147727273,
            89.42649147727273,
            89.42649147727273,
            89.42649147727273,
            89.42649147727273
        ],
        "cpu_usage": [
            3.1,
            7.6,
            7.6,
            7.6,
            9.4,
            7.8,
            7.6,
            7.6,
            7.6,
            7.6,
            7.6,
            7.8,
            8.0,
            7.6,
            7.6,
            7.6,
            7.6,
            7.7,
            7.6,
            7.8
        ]
    },
    "best_scores": {
        "best_eval_loss": 0.9863101706618355,
        "best_rouge1": 0.055605448238557766,
        "best_rouge2": 0.03058253757316599,
        "best_rougeLsum": 0.049170830665473765
    },
    "training_info": {
        "total_params": 124455168,
        "trainable_params": 124455168,
        "added_params": 124455168,
        "training_time": 39252.41096615791
    }
}