{
    "metrics": {
        "train_loss": [
            1.0562642419609156,
            0.9736149888011543,
            0.9676473558355462,
            0.9644669583168897,
            0.9621251346441833,
            0.9604374861039898,
            0.9583204761282964,
            0.9572733143107458,
            0.9563934453102675,
            0.9553587509962645,
            0.9541712523658167,
            0.9531938803602349,
            0.952259247140451,
            0.9518324989215894,
            0.9504394150051204,
            0.9498219336840239,
            0.9490139332549139,
            0.9479262999919328,
            0.9471053353358398,
            0.9460532013801011
        ],
        "eval_loss": [
            1.0124015615099953,
            1.0040632304691133,
            1.0013629141308011,
            0.9998246221315293,
            1.0032795761312758,
            1.0052547420774187,
            1.0027429367814744,
            1.0007091391654241,
            1.0015336618536994,
            1.0017818473634266,
            1.00309853213174,
            1.0037065012114388,
            1.007167616912297,
            1.0031508536565872,
            1.005051653158097,
            1.005229337442489,
            1.0073469377699353,
            1.0065213274388087,
            1.0083570784046536,
            1.00838294057619
        ],
        "rouge1": [
            0.055605448238557766,
            0.05607112231287854
        ],
        "rouge2": [
            0.03058253757316599,
            0.03079570185155784
        ],
        "rougeLsum": [
            0.049170830665473765,
            0.04933536508498254
        ],
        "epochs": [
            1,
            2,
            3,
            4,
            5,
            6,
            7,
            8,
            9,
            10,
            11,
            12,
            13,
            14,
            15,
            16,
            17,
            18,
            19,
            20
        ],
        "learning_rate": [
            9.51080773606371e-05,
            9.01023890784983e-05,
            8.509670079635951e-05,
            8.009101251422071e-05,
            7.508532423208191e-05,
            7.007963594994313e-05,
            6.507394766780433e-05,
            6.0068259385665536e-05,
            5.5062571103526736e-05,
            5.005688282138794e-05,
            4.505119453924915e-05,
            4.004550625711036e-05,
            3.5039817974971564e-05,
            3.0034129692832768e-05,
            2.502844141069397e-05,
            2.002275312855518e-05,
            1.5017064846416384e-05,
            1.001137656427759e-05,
            5.005688282138795e-06,
            0.0
        ]
    },
    "best_scores": {
        "best_eval_loss": 0.9998246221315293,
        "best_rouge1": 0,
        "best_rouge2": 0,
        "best_rougeLsum": 0
    },
    "training_info": {
        "total_params": 124439808,
        "trainable_params": 124439808,
        "added_params": 0,
        "training_time": 0,
        "gpu_usage": [
            94.23828125,
            94.23828125,
            94.23828125,
            94.23828125,
            94.23828125,
            94.23828125,
            94.23828125,
            94.23828125,
            94.23828125,
            94.23828125,
            94.23828125,
            94.23828125,
            94.23828125,
            94.23828125,
            94.23828125,
            94.23828125,
            94.23828125,
            94.23828125,
            94.23828125,
            94.23828125
        ],
        "cpu_usage": [
            7.6,
            7.6,
            7.6,
            8.9,
            8.3,
            7.6,
            7.6,
            7.6,
            7.6,
            7.6,
            7.7,
            8.1,
            7.6,
            7.6,
            7.6,
            7.6,
            7.6,
            7.7,
            7.7,
            7.7
        ]
    }
}