{
    "metrics": {
        "train_loss": [
            1.051954223588109,
            0.9736227776381102,
            0.968420483707027,
            0.9646381080963394,
            0.9621546786888079,
            0.960048479939049,
            0.9589434924044392,
            0.9576740092987364,
            0.9563699122721498,
            0.9554895795610818,
            0.9545124970241027,
            0.9533203904533928,
            0.9525591669570316,
            0.951493165587837,
            0.9508822720904242,
            0.9501331022381783,
            0.9491016963937066,
            0.9479813722859729,
            0.9474104597893628,
            0.9466562954268672
        ],
        "eval_loss": [
            1.0196010933035895,
            1.0044082911241623,
            1.0030651614779518,
            1.0029483534040906,
            1.0024341063840048,
            1.0028671105702718,
            1.0006340424219766,
            1.002048722051439,
            1.0039463346912747,
            1.0027435705775307,
            1.0026356597741446,
            1.0032913168271382,
            1.0027242419265565,
            1.0063664822351366,
            1.005947079261144,
            1.005191319329398,
            1.0056489899044945,
            1.0075984605721064,
            1.0079536562874203,
            1.0081835729735238
        ],
        "rouge1": [
            0.055605448238557766,
            0.05607112231287854
        ],
        "rouge2": [
            0.03058253757316599,
            0.03079570185155784
        ],
        "rougeLsum": [
            0.049170830665473765,
            0.04933536508498254
        ],
        "epochs": [
            1,
            2,
            3,
            4,
            5,
            6,
            7,
            8,
            9,
            10,
            11,
            12,
            13,
            14,
            15,
            16,
            17,
            18,
            19,
            20
        ],
        "learning_rate": [
            9.51080773606371e-05,
            9.01023890784983e-05,
            8.509670079635951e-05,
            8.009101251422071e-05,
            7.508532423208191e-05,
            7.007963594994313e-05,
            6.507394766780433e-05,
            6.0068259385665536e-05,
            5.5062571103526736e-05,
            5.005688282138794e-05,
            4.505119453924915e-05,
            4.004550625711036e-05,
            3.5039817974971564e-05,
            3.0034129692832768e-05,
            2.502844141069397e-05,
            2.002275312855518e-05,
            1.5017064846416384e-05,
            1.001137656427759e-05,
            5.005688282138795e-06,
            0.0
        ]
    },
    "best_scores": {
        "best_eval_loss": 1.0006340424219766,
        "best_rouge1": 0.055605448238557766,
        "best_rouge2": 0.03058253757316599,
        "best_rougeLsum": 0.049170830665473765
    },
    "training_info": {
        "total_params": 124439808,
        "trainable_params": 124439808,
        "added_params": 124439808,
        "training_time": 38532.195964336395,
        "gpu_usage": [
            94.23828125,
            94.23828125,
            94.23828125,
            94.23828125,
            94.23828125,
            94.23828125,
            94.23828125,
            94.23828125,
            94.23828125,
            94.23828125,
            94.23828125,
            94.23828125,
            94.23828125,
            94.23828125,
            94.23828125,
            94.23828125,
            94.23828125,
            94.23828125,
            94.23828125,
            94.23828125
        ],
        "cpu_usage": [
            7.6,
            7.6,
            7.6,
            9.2,
            8.0,
            7.6,
            7.6,
            7.6,
            7.6,
            7.6,
            7.8,
            8.0,
            7.6,
            7.6,
            7.6,
            7.6,
            7.7,
            7.6,
            7.8,
            5.2
        ]
    }
}